x,y,theta
991.0,77.0,0.0
990.6666666666666,77.33333333333333,0.0
990.3333333333334,77.66666666666667,0.0
990.0,78.0,0.0
990.0,78.0,0.0
989.6666666666666,78.33333333333333,0.0
989.3333333333334,78.66666666666667,0.0
989.0,79.0,0.0
989.0,79.0,0.0
988.6666666666666,79.33333333333333,0.0
988.3333333333334,79.66666666666667,0.0
988.0,80.0,0.0
988.0,80.0,0.0
987.6666666666666,80.33333333333333,0.0
987.3333333333334,80.66666666666667,0.0
987.0,81.0,0.0
987.0,81.0,0.0
986.6666666666666,81.33333333333333,0.0
986.3333333333334,81.66666666666667,0.0
986.0,82.0,0.0
986.0,82.0,0.0
985.6666666666666,82.33333333333333,0.0
985.3333333333334,82.66666666666667,0.0
985.0,83.0,0.0
985.0,83.0,0.0
984.6666666666666,83.33333333333333,0.0
984.3333333333334,83.66666666666667,0.0
984.0,84.0,0.0
984.0,84.0,0.0
983.6666666666666,84.0,0.0
983.3333333333334,84.0,0.0
983.0,84.0,0.0
983.0,84.0,0.0
982.6666666666666,84.0,0.0
982.3333333333334,84.0,0.0
982.0,84.0,0.0
982.0,84.0,0.0
981.6666666666666,84.0,0.0
981.3333333333334,84.0,0.0
981.0,84.0,0.0
981.0,84.0,0.0
980.6666666666666,84.0,0.0
980.3333333333334,84.0,0.0
980.0,84.0,0.0
980.0,84.0,0.0
979.6666666666666,84.0,0.0
979.3333333333334,84.0,0.0
979.0,84.0,0.0
979.0,84.0,0.0
978.6666666666666,84.0,0.0
978.3333333333334,84.0,0.0
978.0,84.0,0.0
978.0,84.0,0.0
977.6666666666666,84.0,0.0
977.3333333333334,84.0,0.0
977.0,84.0,0.0
977.0,84.0,0.0
976.6666666666666,84.0,0.0
976.3333333333334,84.0,0.0
976.0,84.0,0.0
976.0,84.0,0.0
975.6666666666666,84.0,0.0
975.3333333333334,84.0,0.0
975.0,84.0,0.0
975.0,84.0,0.0
974.6666666666666,84.0,0.0
974.3333333333334,84.0,0.0
974.0,84.0,0.0
974.0,84.0,0.0
973.6666666666666,84.0,0.0
973.3333333333334,84.0,0.0
973.0,84.0,0.0
973.0,84.0,0.0
972.6666666666666,84.0,0.0
972.3333333333334,84.0,0.0
972.0,84.0,0.0
972.0,84.0,0.0
971.6666666666666,84.0,0.0
971.3333333333334,84.0,0.0
971.0,84.0,0.0
971.0,84.0,0.0
970.6666666666666,84.0,0.0
970.3333333333334,84.0,0.0
970.0,84.0,0.0
970.0,84.0,0.0
969.6666666666666,84.0,0.0
969.3333333333334,84.0,0.0
969.0,84.0,0.0
969.0,84.0,0.0
968.6666666666666,84.0,0.0
968.3333333333334,84.0,0.0
968.0,84.0,0.0
968.0,84.0,0.0
967.6666666666666,84.0,0.0
967.3333333333334,84.0,0.0
967.0,84.0,0.0
967.0,84.0,0.0
966.6666666666666,84.0,0.0
966.3333333333334,84.0,0.0
966.0,84.0,0.0
966.0,84.0,0.0
965.6666666666666,84.0,0.0
965.3333333333334,84.0,0.0
965.0,84.0,0.0
965.0,84.0,0.0
964.6666666666666,84.0,0.0
964.3333333333334,84.0,0.0
964.0,84.0,0.0
964.0,84.0,0.0
963.6666666666666,84.0,0.0
963.3333333333334,84.0,0.0
963.0,84.0,0.0
963.0,84.0,0.0
962.6666666666666,84.0,0.0
962.3333333333334,84.0,0.0
962.0,84.0,0.0
962.0,84.0,0.0
961.6666666666666,84.0,0.0
961.3333333333334,84.0,0.0
961.0,84.0,0.0
961.0,84.0,0.0
960.6666666666666,84.0,0.0
960.3333333333334,84.0,0.0
960.0,84.0,0.0
960.0,84.0,0.0
959.6666666666666,84.0,0.0
959.3333333333334,84.0,0.0
959.0,84.0,0.0
959.0,84.0,0.0
958.6666666666666,84.0,0.0
958.3333333333334,84.0,0.0
958.0,84.0,0.0
958.0,84.0,0.0
957.6666666666666,84.0,0.0
957.3333333333334,84.0,0.0
957.0,84.0,0.0
957.0,84.0,0.0
956.6666666666666,84.0,0.0
956.3333333333334,84.0,0.0
956.0,84.0,0.0
956.0,84.0,0.0
955.6666666666666,84.0,0.0
955.3333333333334,84.0,0.0
955.0,84.0,0.0
955.0,84.0,0.0
954.6666666666666,84.0,0.0
954.3333333333334,84.0,0.0
954.0,84.0,0.0
954.0,84.0,0.0
953.6666666666666,84.0,0.0
953.3333333333334,84.0,0.0
953.0,84.0,0.0
953.0,84.0,0.0
952.6666666666666,84.0,0.0
952.3333333333334,84.0,0.0
952.0,84.0,0.0
952.0,84.0,0.0
951.6666666666666,84.0,0.0
951.3333333333334,84.0,0.0
951.0,84.0,0.0
951.0,84.0,0.0
950.6666666666666,84.0,0.0
950.3333333333334,84.0,0.0
950.0,84.0,0.0
950.0,84.0,0.0
949.6666666666666,84.0,0.0
949.3333333333334,84.0,0.0
949.0,84.0,0.0
949.0,84.0,0.0
948.6666666666666,84.0,0.0
948.3333333333334,84.0,0.0
948.0,84.0,0.0
948.0,84.0,0.0
947.6666666666666,84.0,0.0
947.3333333333334,84.0,0.0
947.0,84.0,0.0
947.0,84.0,0.0
946.6666666666666,84.0,0.0
946.3333333333334,84.0,0.0
946.0,84.0,0.0
946.0,84.0,0.0
945.6666666666666,84.0,0.0
945.3333333333334,84.0,0.0
945.0,84.0,0.0
945.0,84.0,0.0
944.6666666666666,84.0,0.0
944.3333333333334,84.0,0.0
944.0,84.0,0.0
944.0,84.0,0.0
943.6666666666666,84.0,0.0
943.3333333333334,84.0,0.0
943.0,84.0,0.0
943.0,84.0,0.0
942.6666666666666,84.0,0.0
942.3333333333334,84.0,0.0
942.0,84.0,0.0
942.0,84.0,0.0
941.6666666666666,84.0,0.0
941.3333333333334,84.0,0.0
941.0,84.0,0.0
941.0,84.0,0.0
940.6666666666666,84.0,0.0
940.3333333333334,84.0,0.0
940.0,84.0,0.0
940.0,84.0,0.0
939.6666666666666,84.0,0.0
939.3333333333334,84.0,0.0
939.0,84.0,0.0
939.0,84.0,0.0
938.6666666666666,84.0,0.0
938.3333333333334,84.0,0.0
938.0,84.0,0.0
938.0,84.0,0.0
937.6666666666666,84.0,0.0
937.3333333333334,84.0,0.0
937.0,84.0,0.0
937.0,84.0,0.0
936.6666666666666,84.0,0.0
936.3333333333334,84.0,0.0
936.0,84.0,0.0
936.0,84.0,0.0
935.6666666666666,84.0,0.0
935.3333333333334,84.0,0.0
935.0,84.0,0.0
935.0,84.0,0.0
934.6666666666666,84.0,0.0
934.3333333333334,84.0,0.0
934.0,84.0,0.0
934.0,84.0,0.0
933.6666666666666,84.0,0.0
933.3333333333334,84.0,0.0
933.0,84.0,0.0
933.0,84.0,0.0
932.6666666666666,84.0,0.0
932.3333333333334,84.0,0.0
932.0,84.0,0.0
932.0,84.0,0.0
931.6666666666666,84.0,0.0
931.3333333333334,84.0,0.0
931.0,84.0,0.0
931.0,84.0,0.0
930.6666666666666,84.0,0.0
930.3333333333334,84.0,0.0
930.0,84.0,0.0
930.0,84.0,0.0
929.6666666666666,84.0,0.0
929.3333333333334,84.0,0.0
929.0,84.0,0.0
929.0,84.0,0.0
928.6666666666666,84.0,0.0
928.3333333333334,84.0,0.0
928.0,84.0,0.0
928.0,84.0,0.0
927.6666666666666,84.0,0.0
927.3333333333334,84.0,0.0
927.0,84.0,0.0
927.0,84.0,0.0
926.6666666666666,84.0,0.0
926.3333333333334,84.0,0.0
926.0,84.0,0.0
926.0,84.0,0.0
925.6666666666666,84.0,0.0
925.3333333333334,84.0,0.0
925.0,84.0,0.0
925.0,84.0,0.0
924.6666666666666,84.0,0.0
924.3333333333334,84.0,0.0
924.0,84.0,0.0
924.0,84.0,0.0
923.6666666666666,84.0,0.0
923.3333333333334,84.0,0.0
923.0,84.0,0.0
923.0,84.0,0.0
922.6666666666666,84.0,0.0
922.3333333333334,84.0,0.0
922.0,84.0,0.0
922.0,84.0,0.0
921.6666666666666,84.0,0.0
921.3333333333334,84.0,0.0
921.0,84.0,0.0
921.0,84.0,0.0
920.6666666666666,84.0,0.0
920.3333333333334,84.0,0.0
920.0,84.0,0.0
920.0,84.0,0.0
919.6666666666666,84.0,0.0
919.3333333333334,84.0,0.0
919.0,84.0,0.0
919.0,84.0,0.0
918.6666666666666,84.0,0.0
918.3333333333334,84.0,0.0
918.0,84.0,0.0
918.0,84.0,0.0
917.6666666666666,84.0,0.0
917.3333333333334,84.0,0.0
917.0,84.0,0.0
917.0,84.0,0.0
916.6666666666666,84.0,0.0
916.3333333333334,84.0,0.0
916.0,84.0,0.0
916.0,84.0,0.0
915.6666666666666,84.0,0.0
915.3333333333334,84.0,0.0
915.0,84.0,0.0
915.0,84.0,0.0
914.6666666666666,84.0,0.0
914.3333333333334,84.0,0.0
914.0,84.0,0.0
914.0,84.0,0.0
913.6666666666666,84.0,0.0
913.3333333333334,84.0,0.0
913.0,84.0,0.0
913.0,84.0,0.0
912.6666666666666,84.0,0.0
912.3333333333334,84.0,0.0
912.0,84.0,0.0
912.0,84.0,0.0
911.6666666666666,84.0,0.0
911.3333333333334,84.0,0.0
911.0,84.0,0.0
911.0,84.0,0.0
910.6666666666666,84.0,0.0
910.3333333333334,84.0,0.0
910.0,84.0,0.0
910.0,84.0,0.0
909.6666666666666,84.0,0.0
909.3333333333334,84.0,0.0
909.0,84.0,0.0
909.0,84.0,0.0
908.6666666666666,84.0,0.0
908.3333333333334,84.0,0.0
908.0,84.0,0.0
908.0,84.0,0.0
907.6666666666666,84.0,0.0
907.3333333333334,84.0,0.0
907.0,84.0,0.0
907.0,84.0,0.0
906.6666666666666,84.0,0.0
906.3333333333334,84.0,0.0
906.0,84.0,0.0
906.0,84.0,0.0
905.6666666666666,84.0,0.0
905.3333333333334,84.0,0.0
905.0,84.0,0.0
905.0,84.0,0.0
904.6666666666666,84.0,0.0
904.3333333333334,84.0,0.0
904.0,84.0,0.0
904.0,84.0,0.0
903.6666666666666,84.0,0.0
903.3333333333334,84.0,0.0
903.0,84.0,0.0
903.0,84.0,0.0
902.6666666666666,84.0,0.0
902.3333333333334,84.0,0.0
902.0,84.0,0.0
902.0,84.0,0.0
901.6666666666666,84.0,0.0
901.3333333333334,84.0,0.0
901.0,84.0,0.0
901.0,84.0,0.0
900.6666666666666,84.0,0.0
900.3333333333334,84.0,0.0
900.0,84.0,0.0
900.0,84.0,0.0
899.6666666666666,84.0,0.0
899.3333333333334,84.0,0.0
899.0,84.0,0.0
899.0,84.0,0.0
898.6666666666666,84.0,0.0
898.3333333333334,84.0,0.0
898.0,84.0,0.0
898.0,84.0,0.0
897.6666666666666,84.0,0.0
897.3333333333334,84.0,0.0
897.0,84.0,0.0
897.0,84.0,0.0
896.6666666666666,84.0,0.0
896.3333333333334,84.0,0.0
896.0,84.0,0.0
896.0,84.0,0.0
895.6666666666666,84.0,0.0
895.3333333333334,84.0,0.0
895.0,84.0,0.0
895.0,84.0,0.0
894.6666666666666,84.0,0.0
894.3333333333334,84.0,0.0
894.0,84.0,0.0
894.0,84.0,0.0
893.6666666666666,84.0,0.0
893.3333333333334,84.0,0.0
893.0,84.0,0.0
893.0,84.0,0.0
892.6666666666666,84.0,0.0
892.3333333333334,84.0,0.0
892.0,84.0,0.0
892.0,84.0,0.0
891.6666666666666,84.0,0.0
891.3333333333334,84.0,0.0
891.0,84.0,0.0
891.0,84.0,0.0
890.6666666666666,84.0,0.0
890.3333333333334,84.0,0.0
890.0,84.0,0.0
890.0,84.0,0.0
889.6666666666666,84.0,0.0
889.3333333333334,84.0,0.0
889.0,84.0,0.0
889.0,84.0,0.0
888.6666666666666,84.0,0.0
888.3333333333334,84.0,0.0
888.0,84.0,0.0
888.0,84.0,0.0
887.6666666666666,84.0,0.0
887.3333333333334,84.0,0.0
887.0,84.0,0.0
887.0,84.0,0.0
886.6666666666666,84.0,0.0
886.3333333333334,84.0,0.0
886.0,84.0,0.0
886.0,84.0,0.0
885.6666666666666,84.0,0.0
885.3333333333334,84.0,0.0
885.0,84.0,0.0
885.0,84.0,0.0
884.6666666666666,84.0,0.0
884.3333333333334,84.0,0.0
884.0,84.0,0.0
884.0,84.0,0.0
883.6666666666666,84.0,0.0
883.3333333333334,84.0,0.0
883.0,84.0,0.0
883.0,84.0,0.0
882.6666666666666,84.0,0.0
882.3333333333334,84.0,0.0
882.0,84.0,0.0
882.0,84.0,0.0
881.6666666666666,84.0,0.0
881.3333333333334,84.0,0.0
881.0,84.0,0.0
881.0,84.0,0.0
880.6666666666666,84.0,0.0
880.3333333333334,84.0,0.0
880.0,84.0,0.0
880.0,84.0,0.0
879.6666666666666,84.0,0.0
879.3333333333334,84.0,0.0
879.0,84.0,0.0
879.0,84.0,0.0
878.6666666666666,84.0,0.0
878.3333333333334,84.0,0.0
878.0,84.0,0.0
878.0,84.0,0.0
877.6666666666666,84.0,0.0
877.3333333333334,84.0,0.0
877.0,84.0,0.0
877.0,84.0,0.0
876.6666666666666,84.0,0.0
876.3333333333334,84.0,0.0
876.0,84.0,0.0
876.0,84.0,0.0
875.6666666666666,84.0,0.0
875.3333333333334,84.0,0.0
875.0,84.0,0.0
875.0,84.0,0.0
874.6666666666666,84.0,0.0
874.3333333333334,84.0,0.0
874.0,84.0,0.0
874.0,84.0,0.0
873.6666666666666,84.0,0.0
873.3333333333334,84.0,0.0
873.0,84.0,0.0
873.0,84.0,0.0
872.6666666666666,84.0,0.0
872.3333333333334,84.0,0.0
872.0,84.0,0.0
872.0,84.0,0.0
871.6666666666666,84.0,0.0
871.3333333333334,84.0,0.0
871.0,84.0,0.0
871.0,84.0,0.0
870.6666666666666,84.0,0.0
870.3333333333334,84.0,0.0
870.0,84.0,0.0
870.0,84.0,0.0
869.6666666666666,84.0,0.0
869.3333333333334,84.0,0.0
869.0,84.0,0.0
869.0,84.0,0.0
868.6666666666666,84.0,0.0
868.3333333333334,84.0,0.0
868.0,84.0,0.0
868.0,84.0,0.0
867.6666666666666,84.0,0.0
867.3333333333334,84.0,0.0
867.0,84.0,0.0
867.0,84.0,0.0
866.6666666666666,84.0,0.0
866.3333333333334,84.0,0.0
866.0,84.0,0.0
866.0,84.0,0.0
865.6666666666666,84.0,0.0
865.3333333333334,84.0,0.0
865.0,84.0,0.0
865.0,84.0,0.0
864.6666666666666,84.0,0.0
864.3333333333334,84.0,0.0
864.0,84.0,0.0
864.0,84.0,0.0
863.6666666666666,84.0,0.0
863.3333333333334,84.0,0.0
863.0,84.0,0.0
863.0,84.0,0.0
862.6666666666666,84.0,0.0
862.3333333333334,84.0,0.0
862.0,84.0,0.0
862.0,84.0,0.0
861.6666666666666,84.0,0.0
861.3333333333334,84.0,0.0
861.0,84.0,0.0
861.0,84.0,0.0
860.6666666666666,84.0,0.0
860.3333333333334,84.0,0.0
860.0,84.0,0.0
860.0,84.0,0.0
859.6666666666666,84.0,0.0
859.3333333333334,84.0,0.0
859.0,84.0,0.0
859.0,84.0,0.0
858.6666666666666,84.0,0.0
858.3333333333334,84.0,0.0
858.0,84.0,0.0
858.0,84.0,0.0
857.6666666666666,84.0,0.0
857.3333333333334,84.0,0.0
857.0,84.0,0.0
857.0,84.0,0.0
856.6666666666666,84.0,0.0
856.3333333333334,84.0,0.0
856.0,84.0,0.0
856.0,84.0,0.0
855.6666666666666,84.0,0.0
855.3333333333334,84.0,0.0
855.0,84.0,0.0
855.0,84.0,0.0
854.6666666666666,84.0,0.0
854.3333333333334,84.0,0.0
854.0,84.0,0.0
854.0,84.0,0.0
853.6666666666666,84.0,0.0
853.3333333333334,84.0,0.0
853.0,84.0,0.0
853.0,84.0,0.0
852.6666666666666,84.0,0.0
852.3333333333334,84.0,0.0
852.0,84.0,0.0
852.0,84.0,0.0
851.6666666666666,84.0,0.0
851.3333333333334,84.0,0.0
851.0,84.0,0.0
851.0,84.0,0.0
850.6666666666666,84.0,0.0
850.3333333333334,84.0,0.0
850.0,84.0,0.0
850.0,84.0,0.0
849.6666666666666,84.0,0.0
849.3333333333334,84.0,0.0
849.0,84.0,0.0
849.0,84.0,0.0
848.6666666666666,84.0,0.0
848.3333333333334,84.0,0.0
848.0,84.0,0.0
848.0,84.0,0.0
847.6666666666666,84.0,0.0
847.3333333333334,84.0,0.0
847.0,84.0,0.0
847.0,84.0,0.0
846.6666666666666,84.0,0.0
846.3333333333334,84.0,0.0
846.0,84.0,0.0
846.0,84.0,0.0
845.6666666666666,84.0,0.0
845.3333333333334,84.0,0.0
845.0,84.0,0.0
845.0,84.0,0.0
844.6666666666666,84.0,0.0
844.3333333333334,84.0,0.0
844.0,84.0,0.0
844.0,84.0,0.0
843.6666666666666,84.0,0.0
843.3333333333334,84.0,0.0
843.0,84.0,0.0
843.0,84.0,0.0
842.6666666666666,84.0,0.0
842.3333333333334,84.0,0.0
842.0,84.0,0.0
842.0,84.0,0.0
841.6666666666666,84.0,0.0
841.3333333333334,84.0,0.0
841.0,84.0,0.0
841.0,84.0,0.0
840.6666666666666,84.0,0.0
840.3333333333334,84.0,0.0
840.0,84.0,0.0
840.0,84.0,0.0
839.6666666666666,84.0,0.0
839.3333333333334,84.0,0.0
839.0,84.0,0.0
839.0,84.0,0.0
838.6666666666666,84.0,0.0
838.3333333333334,84.0,0.0
838.0,84.0,0.0
838.0,84.0,0.0
837.6666666666666,84.0,0.0
837.3333333333334,84.0,0.0
837.0,84.0,0.0
837.0,84.0,0.0
836.6666666666666,84.0,0.0
836.3333333333334,84.0,0.0
836.0,84.0,0.0
836.0,84.0,0.0
835.6666666666666,84.0,0.0
835.3333333333334,84.0,0.0
835.0,84.0,0.0
835.0,84.0,0.0
834.6666666666666,84.0,0.0
834.3333333333334,84.0,0.0
834.0,84.0,0.0
834.0,84.0,0.0
833.6666666666666,84.0,0.0
833.3333333333334,84.0,0.0
833.0,84.0,0.0
833.0,84.0,0.0
832.6666666666666,84.0,0.0
832.3333333333334,84.0,0.0
832.0,84.0,0.0
832.0,84.0,0.0
831.6666666666666,84.0,0.0
831.3333333333334,84.0,0.0
831.0,84.0,0.0
831.0,84.0,0.0
830.6666666666666,84.0,0.0
830.3333333333334,84.0,0.0
830.0,84.0,0.0
830.0,84.0,0.0
829.6666666666666,84.0,0.0
829.3333333333334,84.0,0.0
829.0,84.0,0.0
829.0,84.0,0.0
828.6666666666666,84.0,0.0
828.3333333333334,84.0,0.0
828.0,84.0,0.0
828.0,84.0,0.0
827.6666666666666,84.0,0.0
827.3333333333334,84.0,0.0
827.0,84.0,0.0
827.0,84.0,0.0
826.6666666666666,84.0,0.0
826.3333333333334,84.0,0.0
826.0,84.0,0.0
826.0,84.0,0.0
825.6666666666666,84.0,0.0
825.3333333333334,84.0,0.0
825.0,84.0,0.0
825.0,84.0,0.0
824.6666666666666,84.0,0.0
824.3333333333334,84.0,0.0
824.0,84.0,0.0
824.0,84.0,0.0
823.6666666666666,84.0,0.0
823.3333333333334,84.0,0.0
823.0,84.0,0.0
823.0,84.0,0.0
822.6666666666666,84.0,0.0
822.3333333333334,84.0,0.0
822.0,84.0,0.0
822.0,84.0,0.0
821.6666666666666,84.0,0.0
821.3333333333334,84.0,0.0
821.0,84.0,0.0
821.0,84.0,0.0
820.6666666666666,84.0,0.0
820.3333333333334,84.0,0.0
820.0,84.0,0.0
820.0,84.0,0.0
819.6666666666666,84.0,0.0
819.3333333333334,84.0,0.0
819.0,84.0,0.0
819.0,84.0,0.0
818.6666666666666,84.0,0.0
818.3333333333334,84.0,0.0
818.0,84.0,0.0
818.0,84.0,0.0
817.6666666666666,84.0,0.0
817.3333333333334,84.0,0.0
817.0,84.0,0.0
817.0,84.0,0.0
816.6666666666666,84.0,0.0
816.3333333333334,84.0,0.0
816.0,84.0,0.0
816.0,84.0,0.0
815.6666666666666,84.0,0.0
815.3333333333334,84.0,0.0
815.0,84.0,0.0
815.0,84.0,0.0
814.6666666666666,84.0,0.0
814.3333333333334,84.0,0.0
814.0,84.0,0.0
814.0,84.0,0.0
813.6666666666666,84.0,0.0
813.3333333333334,84.0,0.0
813.0,84.0,0.0
813.0,84.0,0.0
812.6666666666666,84.0,0.0
812.3333333333334,84.0,0.0
812.0,84.0,0.0
812.0,84.0,0.0
811.6666666666666,84.0,0.0
811.3333333333334,84.0,0.0
811.0,84.0,0.0
811.0,84.0,0.0
810.6666666666666,84.0,0.0
810.3333333333334,84.0,0.0
810.0,84.0,0.0
810.0,84.0,0.0
809.6666666666666,84.0,0.0
809.3333333333334,84.0,0.0
809.0,84.0,0.0
809.0,84.0,0.0
808.6666666666666,84.0,0.0
808.3333333333334,84.0,0.0
808.0,84.0,0.0
808.0,84.0,0.0
807.6666666666666,84.0,0.0
807.3333333333334,84.0,0.0
807.0,84.0,0.0
807.0,84.0,0.0
806.6666666666666,84.0,0.0
806.3333333333334,84.0,0.0
806.0,84.0,0.0
806.0,84.0,0.0
805.6666666666666,84.0,0.0
805.3333333333334,84.0,0.0
805.0,84.0,0.0
805.0,84.0,0.0
804.6666666666666,84.0,0.0
804.3333333333334,84.0,0.0
804.0,84.0,0.0
804.0,84.0,0.0
803.6666666666666,84.0,0.0
803.3333333333334,84.0,0.0
803.0,84.0,0.0
803.0,84.0,0.0
802.6666666666666,84.0,0.0
802.3333333333334,84.0,0.0
802.0,84.0,0.0
802.0,84.0,0.0
801.6666666666666,84.0,0.0
801.3333333333334,84.0,0.0
801.0,84.0,0.0
801.0,84.0,0.0
800.6666666666666,84.0,0.0
800.3333333333334,84.0,0.0
800.0,84.0,0.0
800.0,84.0,0.0
799.6666666666666,84.0,0.0
799.3333333333334,84.0,0.0
799.0,84.0,0.0
799.0,84.0,0.0
798.6666666666666,84.0,0.0
798.3333333333334,84.0,0.0
798.0,84.0,0.0
798.0,84.0,0.0
797.6666666666666,84.0,0.0
797.3333333333334,84.0,0.0
797.0,84.0,0.0
797.0,84.0,0.0
796.6666666666666,84.0,0.0
796.3333333333334,84.0,0.0
796.0,84.0,0.0
796.0,84.0,0.0
795.6666666666666,84.0,0.0
795.3333333333334,84.0,0.0
795.0,84.0,0.0
795.0,84.0,0.0
794.6666666666666,84.0,0.0
794.3333333333334,84.0,0.0
794.0,84.0,0.0
794.0,84.0,0.0
793.6666666666666,84.0,0.0
793.3333333333334,84.0,0.0
793.0,84.0,0.0
793.0,84.0,0.0
792.6666666666666,84.0,0.0
792.3333333333334,84.0,0.0
792.0,84.0,0.0
792.0,84.0,0.0
791.6666666666666,84.0,0.0
791.3333333333334,84.0,0.0
791.0,84.0,0.0
791.0,84.0,0.0
790.6666666666666,84.0,0.0
790.3333333333334,84.0,0.0
790.0,84.0,0.0
790.0,84.0,0.0
789.6666666666666,84.0,0.0
789.3333333333334,84.0,0.0
789.0,84.0,0.0
789.0,84.0,0.0
788.6666666666666,84.0,0.0
788.3333333333334,84.0,0.0
788.0,84.0,0.0
788.0,84.0,0.0
787.6666666666666,84.0,0.0
787.3333333333334,84.0,0.0
787.0,84.0,0.0
787.0,84.0,0.0
786.6666666666666,84.0,0.0
786.3333333333334,84.0,0.0
786.0,84.0,0.0
786.0,84.0,0.0
785.6666666666666,84.0,0.0
785.3333333333334,84.0,0.0
785.0,84.0,0.0
785.0,84.0,0.0
784.6666666666666,84.0,0.0
784.3333333333334,84.0,0.0
784.0,84.0,0.0
784.0,84.0,0.0
783.6666666666666,84.0,0.0
783.3333333333334,84.0,0.0
783.0,84.0,0.0
783.0,84.0,0.0
782.6666666666666,84.0,0.0
782.3333333333334,84.0,0.0
782.0,84.0,0.0
782.0,84.0,0.0
781.6666666666666,84.0,0.0
781.3333333333334,84.0,0.0
781.0,84.0,0.0
781.0,84.0,0.0
780.6666666666666,84.0,0.0
780.3333333333334,84.0,0.0
780.0,84.0,0.0
780.0,84.0,0.0
779.6666666666666,84.0,0.0
779.3333333333334,84.0,0.0
779.0,84.0,0.0
779.0,84.0,0.0
778.6666666666666,84.0,0.0
778.3333333333334,84.0,0.0
778.0,84.0,0.0
778.0,84.0,0.0
777.6666666666666,84.0,0.0
777.3333333333334,84.0,0.0
777.0,84.0,0.0
777.0,84.0,0.0
776.6666666666666,84.0,0.0
776.3333333333334,84.0,0.0
776.0,84.0,0.0
776.0,84.0,0.0
775.6666666666666,84.0,0.0
775.3333333333334,84.0,0.0
775.0,84.0,0.0
775.0,84.0,0.0
774.6666666666666,84.0,0.0
774.3333333333334,84.0,0.0
774.0,84.0,0.0
774.0,84.0,0.0
773.6666666666666,84.0,0.0
773.3333333333334,84.0,0.0
773.0,84.0,0.0
773.0,84.0,0.0
772.6666666666666,84.0,0.0
772.3333333333334,84.0,0.0
772.0,84.0,0.0
772.0,84.0,0.0
771.6666666666666,84.0,0.0
771.3333333333334,84.0,0.0
771.0,84.0,0.0
771.0,84.0,0.0
770.6666666666666,84.0,0.0
770.3333333333334,84.0,0.0
770.0,84.0,0.0
770.0,84.0,0.0
769.6666666666666,84.0,0.0
769.3333333333334,84.0,0.0
769.0,84.0,0.0
769.0,84.0,0.0
768.6666666666666,84.0,0.0
768.3333333333334,84.0,0.0
768.0,84.0,0.0
768.0,84.0,0.0
767.6666666666666,84.0,0.0
767.3333333333334,84.0,0.0
767.0,84.0,0.0
767.0,84.0,0.0
766.6666666666666,84.0,0.0
766.3333333333334,84.0,0.0
766.0,84.0,0.0
766.0,84.0,0.0
765.6666666666666,84.0,0.0
765.3333333333334,84.0,0.0
765.0,84.0,0.0
765.0,84.0,0.0
764.6666666666666,84.0,0.0
764.3333333333334,84.0,0.0
764.0,84.0,0.0
764.0,84.0,0.0
763.6666666666666,84.0,0.0
763.3333333333334,84.0,0.0
763.0,84.0,0.0
763.0,84.0,0.0
762.6666666666666,84.0,0.0
762.3333333333334,84.0,0.0
762.0,84.0,0.0
762.0,84.0,0.0
761.6666666666666,84.0,0.0
761.3333333333334,84.0,0.0
761.0,84.0,0.0
761.0,84.0,0.0
760.6666666666666,84.0,0.0
760.3333333333334,84.0,0.0
760.0,84.0,0.0
760.0,84.0,0.0
759.6666666666666,84.0,0.0
759.3333333333334,84.0,0.0
759.0,84.0,0.0
759.0,84.0,0.0
758.6666666666666,84.0,0.0
758.3333333333334,84.0,0.0
758.0,84.0,0.0
758.0,84.0,0.0
757.6666666666666,84.0,0.0
757.3333333333334,84.0,0.0
757.0,84.0,0.0
757.0,84.0,0.0
756.6666666666666,84.0,0.0
756.3333333333334,84.0,0.0
756.0,84.0,0.0
756.0,84.0,0.0
755.6666666666666,84.0,0.0
755.3333333333334,84.0,0.0
755.0,84.0,0.0
755.0,84.0,0.0
754.6666666666666,84.0,0.0
754.3333333333334,84.0,0.0
754.0,84.0,0.0
754.0,84.0,0.0
753.6666666666666,84.0,0.0
753.3333333333334,84.0,0.0
753.0,84.0,0.0
753.0,84.0,0.0
752.6666666666666,84.0,0.0
752.3333333333334,84.0,0.0
752.0,84.0,0.0
752.0,84.0,0.0
751.6666666666666,84.0,0.0
751.3333333333334,84.0,0.0
751.0,84.0,0.0
751.0,84.0,0.0
750.6666666666666,84.0,0.0
750.3333333333334,84.0,0.0
750.0,84.0,0.0
750.0,84.0,0.0
749.6666666666666,84.0,0.0
749.3333333333334,84.0,0.0
749.0,84.0,0.0
749.0,84.0,0.0
748.6666666666666,84.0,0.0
748.3333333333334,84.0,0.0
748.0,84.0,0.0
748.0,84.0,0.0
747.6666666666666,84.0,0.0
747.3333333333334,84.0,0.0
747.0,84.0,0.0
747.0,84.0,0.0
746.6666666666666,84.0,0.0
746.3333333333334,84.0,0.0
746.0,84.0,0.0
746.0,84.0,0.0
745.6666666666666,84.0,0.0
745.3333333333334,84.0,0.0
745.0,84.0,0.0
745.0,84.0,0.0
744.6666666666666,84.0,0.0
744.3333333333334,84.0,0.0
744.0,84.0,0.0
744.0,84.0,0.0
743.6666666666666,84.0,0.0
743.3333333333334,84.0,0.0
743.0,84.0,0.0
743.0,84.0,0.0
742.6666666666666,84.0,0.0
742.3333333333334,84.0,0.0
742.0,84.0,0.0
742.0,84.0,0.0
741.6666666666666,84.0,0.0
741.3333333333334,84.0,0.0
741.0,84.0,0.0
741.0,84.0,0.0
740.6666666666666,84.0,0.0
740.3333333333334,84.0,0.0
740.0,84.0,0.0
740.0,84.0,0.0
739.6666666666666,84.0,0.0
739.3333333333334,84.0,0.0
739.0,84.0,0.0
739.0,84.0,0.0
738.6666666666666,84.0,0.0
738.3333333333334,84.0,0.0
738.0,84.0,0.0
738.0,84.0,0.0
737.6666666666666,84.0,0.0
737.3333333333334,84.0,0.0
737.0,84.0,0.0
737.0,84.0,0.0
736.6666666666666,84.0,0.0
736.3333333333334,84.0,0.0
736.0,84.0,0.0
736.0,84.0,0.0
735.6666666666666,84.0,0.0
735.3333333333334,84.0,0.0
735.0,84.0,0.0
735.0,84.0,0.0
734.6666666666666,84.0,0.0
734.3333333333334,84.0,0.0
734.0,84.0,0.0
734.0,84.0,0.0
733.6666666666666,84.0,0.0
733.3333333333334,84.0,0.0
733.0,84.0,0.0
733.0,84.0,0.0
732.6666666666666,84.0,0.0
732.3333333333334,84.0,0.0
732.0,84.0,0.0
732.0,84.0,0.0
731.6666666666666,84.0,0.0
731.3333333333334,84.0,0.0
731.0,84.0,0.0
731.0,84.0,0.0
730.6666666666666,84.0,0.0
730.3333333333334,84.0,0.0
730.0,84.0,0.0
730.0,84.0,0.0
729.6666666666666,84.0,0.0
729.3333333333334,84.0,0.0
729.0,84.0,0.0
729.0,84.0,0.0
728.6666666666666,84.0,0.0
728.3333333333334,84.0,0.0
728.0,84.0,0.0
728.0,84.0,0.0
727.6666666666666,84.0,0.0
727.3333333333334,84.0,0.0
727.0,84.0,0.0
727.0,84.0,0.0
726.6666666666666,84.0,0.0
726.3333333333334,84.0,0.0
726.0,84.0,0.0
726.0,84.0,0.0
725.6666666666666,84.0,0.0
725.3333333333334,84.0,0.0
725.0,84.0,0.0
725.0,84.0,0.0
724.6666666666666,84.0,0.0
724.3333333333334,84.0,0.0
724.0,84.0,0.0
724.0,84.0,0.0
723.6666666666666,84.0,0.0
723.3333333333334,84.0,0.0
723.0,84.0,0.0
723.0,84.0,0.0
722.6666666666666,84.0,0.0
722.3333333333334,84.0,0.0
722.0,84.0,0.0
722.0,84.0,0.0
721.6666666666666,84.0,0.0
721.3333333333334,84.0,0.0
721.0,84.0,0.0
721.0,84.0,0.0
720.6666666666666,84.0,0.0
720.3333333333334,84.0,0.0
720.0,84.0,0.0
720.0,84.0,0.0
719.6666666666666,84.0,0.0
719.3333333333334,84.0,0.0
719.0,84.0,0.0
719.0,84.0,0.0
718.6666666666666,84.0,0.0
718.3333333333334,84.0,0.0
718.0,84.0,0.0
718.0,84.0,0.0
717.6666666666666,84.0,0.0
717.3333333333334,84.0,0.0
717.0,84.0,0.0
717.0,84.0,0.0
716.6666666666666,84.0,0.0
716.3333333333334,84.0,0.0
716.0,84.0,0.0
716.0,84.0,0.0
715.6666666666666,84.0,0.0
715.3333333333334,84.0,0.0
715.0,84.0,0.0
715.0,84.0,0.0
714.6666666666666,84.0,0.0
714.3333333333334,84.0,0.0
714.0,84.0,0.0
714.0,84.0,0.0
713.6666666666666,84.0,0.0
713.3333333333334,84.0,0.0
713.0,84.0,0.0
713.0,84.0,0.0
712.6666666666666,84.0,0.0
712.3333333333334,84.0,0.0
712.0,84.0,0.0
712.0,84.0,0.0
711.6666666666666,84.0,0.0
711.3333333333334,84.0,0.0
711.0,84.0,0.0
711.0,84.0,0.0
710.6666666666666,84.0,0.0
710.3333333333334,84.0,0.0
710.0,84.0,0.0
710.0,84.0,0.0
709.6666666666666,84.0,0.0
709.3333333333334,84.0,0.0
709.0,84.0,0.0
709.0,84.0,0.0
708.6666666666666,84.0,0.0
708.3333333333334,84.0,0.0
708.0,84.0,0.0
708.0,84.0,0.0
707.6666666666666,84.0,0.0
707.3333333333334,84.0,0.0
707.0,84.0,0.0
707.0,84.0,0.0
706.6666666666666,84.0,0.0
706.3333333333334,84.0,0.0
706.0,84.0,0.0
706.0,84.0,0.0
705.6666666666666,84.0,0.0
705.3333333333334,84.0,0.0
705.0,84.0,0.0
705.0,84.0,0.0
704.6666666666666,84.0,0.0
704.3333333333334,84.0,0.0
704.0,84.0,0.0
704.0,84.0,0.0
703.6666666666666,84.0,0.0
703.3333333333334,84.0,0.0
703.0,84.0,0.0
703.0,84.0,0.0
702.6666666666666,84.0,0.0
702.3333333333334,84.0,0.0
702.0,84.0,0.0
702.0,84.0,0.0
701.6666666666666,84.0,0.0
701.3333333333334,84.0,0.0
701.0,84.0,0.0
701.0,84.0,0.0
700.6666666666666,84.0,0.0
700.3333333333334,84.0,0.0
700.0,84.0,0.0
700.0,84.0,0.0
699.6666666666666,84.0,0.0
699.3333333333334,84.0,0.0
699.0,84.0,0.0
699.0,84.0,0.0
698.6666666666666,84.0,0.0
698.3333333333334,84.0,0.0
698.0,84.0,0.0
698.0,84.0,0.0
697.6666666666666,84.0,0.0
697.3333333333334,84.0,0.0
697.0,84.0,0.0
697.0,84.0,0.0
696.6666666666666,84.0,0.0
696.3333333333334,84.0,0.0
696.0,84.0,0.0
696.0,84.0,0.0
695.6666666666666,84.0,0.0
695.3333333333334,84.0,0.0
695.0,84.0,0.0
695.0,84.0,0.0
694.6666666666666,84.0,0.0
694.3333333333334,84.0,0.0
694.0,84.0,0.0
694.0,84.0,0.0
693.6666666666666,84.0,0.0
693.3333333333334,84.0,0.0
693.0,84.0,0.0
693.0,84.0,0.0
692.6666666666666,84.0,0.0
692.3333333333334,84.0,0.0
692.0,84.0,0.0
692.0,84.0,0.0
691.6666666666666,84.0,0.0
691.3333333333334,84.0,0.0
691.0,84.0,0.0
691.0,84.0,0.0
690.6666666666666,84.0,0.0
690.3333333333334,84.0,0.0
690.0,84.0,0.0
690.0,84.0,0.0
689.6666666666666,84.0,0.0
689.3333333333334,84.0,0.0
689.0,84.0,0.0
689.0,84.0,0.0
688.6666666666666,84.0,0.0
688.3333333333334,84.0,0.0
688.0,84.0,0.0
688.0,84.0,0.0
687.6666666666666,84.0,0.0
687.3333333333334,84.0,0.0
687.0,84.0,0.0
687.0,84.0,0.0
686.6666666666666,84.0,0.0
686.3333333333334,84.0,0.0
686.0,84.0,0.0
686.0,84.0,0.0
685.6666666666666,84.0,0.0
685.3333333333334,84.0,0.0
685.0,84.0,0.0
685.0,84.0,0.0
684.6666666666666,84.0,0.0
684.3333333333334,84.0,0.0
684.0,84.0,0.0
684.0,84.0,0.0
683.6666666666666,84.0,0.0
683.3333333333334,84.0,0.0
683.0,84.0,0.0
683.0,84.0,0.0
682.6666666666666,84.0,0.0
682.3333333333334,84.0,0.0
682.0,84.0,0.0
682.0,84.0,0.0
681.6666666666666,84.0,0.0
681.3333333333334,84.0,0.0
681.0,84.0,0.0
681.0,84.0,0.0
680.6666666666666,84.0,0.0
680.3333333333334,84.0,0.0
680.0,84.0,0.0
680.0,84.0,0.0
679.6666666666666,84.0,0.0
679.3333333333334,84.0,0.0
679.0,84.0,0.0
679.0,84.0,0.0
678.6666666666666,84.0,0.0
678.3333333333334,84.0,0.0
678.0,84.0,0.0
678.0,84.0,0.0
677.6666666666666,84.0,0.0
677.3333333333334,84.0,0.0
677.0,84.0,0.0
677.0,84.0,0.0
676.6666666666666,84.0,0.0
676.3333333333334,84.0,0.0
676.0,84.0,0.0
676.0,84.0,0.0
675.6666666666666,84.0,0.0
675.3333333333334,84.0,0.0
675.0,84.0,0.0
675.0,84.0,0.0
674.6666666666666,84.0,0.0
674.3333333333334,84.0,0.0
674.0,84.0,0.0
674.0,84.0,0.0
673.6666666666666,84.0,0.0
673.3333333333334,84.0,0.0
673.0,84.0,0.0
673.0,84.0,0.0
672.6666666666666,84.0,0.0
672.3333333333334,84.0,0.0
672.0,84.0,0.0
672.0,84.0,0.0
671.6666666666666,84.0,0.0
671.3333333333334,84.0,0.0
671.0,84.0,0.0
671.0,84.0,0.0
670.6666666666666,84.0,0.0
670.3333333333334,84.0,0.0
670.0,84.0,0.0
670.0,84.0,0.0
669.6666666666666,84.0,0.0
669.3333333333334,84.0,0.0
669.0,84.0,0.0
669.0,84.0,0.0
668.6666666666666,84.0,0.0
668.3333333333334,84.0,0.0
668.0,84.0,0.0
668.0,84.0,0.0
667.6666666666666,84.0,0.0
667.3333333333334,84.0,0.0
667.0,84.0,0.0
667.0,84.0,0.0
666.6666666666666,84.0,0.0
666.3333333333334,84.0,0.0
666.0,84.0,0.0
666.0,84.0,0.0
665.6666666666666,84.0,0.0
665.3333333333334,84.0,0.0
665.0,84.0,0.0
665.0,84.0,0.0
664.6666666666666,84.0,0.0
664.3333333333334,84.0,0.0
664.0,84.0,0.0
664.0,84.0,0.0
663.6666666666666,84.0,0.0
663.3333333333334,84.0,0.0
663.0,84.0,0.0
663.0,84.0,0.0
662.6666666666666,84.0,0.0
662.3333333333334,84.0,0.0
662.0,84.0,0.0
662.0,84.0,0.0
661.6666666666666,84.0,0.0
661.3333333333334,84.0,0.0
661.0,84.0,0.0
661.0,84.0,0.0
660.6666666666666,84.0,0.0
660.3333333333334,84.0,0.0
660.0,84.0,0.0
660.0,84.0,0.0
659.6666666666666,84.0,0.0
659.3333333333334,84.0,0.0
659.0,84.0,0.0
659.0,84.0,0.0
658.6666666666666,84.33333333333333,0.0
658.3333333333334,84.66666666666667,0.0
658.0,85.0,0.0
658.0,85.0,0.0
657.6666666666666,85.33333333333333,0.0
657.3333333333334,85.66666666666667,0.0
657.0,86.0,0.0
657.0,86.0,0.0
656.6666666666666,86.33333333333333,0.0
656.3333333333334,86.66666666666667,0.0
656.0,87.0,0.0
656.0,87.0,0.0
655.6666666666666,87.33333333333333,0.0
655.3333333333334,87.66666666666667,0.0
655.0,88.0,0.0
655.0,88.0,0.0
654.6666666666666,88.33333333333333,0.0
654.3333333333334,88.66666666666667,0.0
654.0,89.0,0.0
654.0,89.0,0.0
653.6666666666666,89.33333333333333,0.0
653.3333333333334,89.66666666666667,0.0
653.0,90.0,0.0
653.0,90.0,0.0
652.6666666666666,90.33333333333333,0.0
652.3333333333334,90.66666666666667,0.0
652.0,91.0,0.0
652.0,91.0,0.0
651.6666666666666,91.33333333333333,0.0
651.3333333333334,91.66666666666667,0.0
651.0,92.0,0.0
651.0,92.0,0.0
650.6666666666666,92.33333333333333,0.0
650.3333333333334,92.66666666666667,0.0
650.0,93.0,0.0
650.0,93.0,0.0
649.6666666666666,93.33333333333333,0.0
649.3333333333334,93.66666666666667,0.0
649.0,94.0,0.0
649.0,94.0,0.0
648.6666666666666,94.33333333333333,0.0
648.3333333333334,94.66666666666667,0.0
648.0,95.0,0.0
648.0,95.0,0.0
647.6666666666666,95.33333333333333,0.0
647.3333333333334,95.66666666666667,0.0
647.0,96.0,0.0
647.0,96.0,0.0
646.6666666666666,96.33333333333333,0.0
646.3333333333334,96.66666666666667,0.0
646.0,97.0,0.0
646.0,97.0,0.0
645.6666666666666,97.33333333333333,0.0
645.3333333333334,97.66666666666667,0.0
645.0,98.0,0.0
645.0,98.0,0.0
644.6666666666666,98.33333333333333,0.0
644.3333333333334,98.66666666666667,0.0
644.0,99.0,0.0
644.0,99.0,0.0
643.6666666666666,99.33333333333333,0.0
643.3333333333334,99.66666666666667,0.0
643.0,100.0,0.0
643.0,100.0,0.0
642.6666666666666,100.33333333333333,0.0
642.3333333333334,100.66666666666667,0.0
642.0,101.0,0.0
642.0,101.0,0.0
641.6666666666666,101.33333333333333,0.0
641.3333333333334,101.66666666666667,0.0
641.0,102.0,0.0
641.0,102.0,0.0
640.6666666666666,102.33333333333333,0.0
640.3333333333334,102.66666666666667,0.0
640.0,103.0,0.0
640.0,103.0,0.0
639.6666666666666,103.33333333333333,0.0
639.3333333333334,103.66666666666667,0.0
639.0,104.0,0.0
639.0,104.0,0.0
638.6666666666666,104.33333333333333,0.0
638.3333333333334,104.66666666666667,0.0
638.0,105.0,0.0
638.0,105.0,0.0
637.6666666666666,105.33333333333333,0.0
637.3333333333334,105.66666666666667,0.0
637.0,106.0,0.0
637.0,106.0,0.0
636.6666666666666,106.33333333333333,0.0
636.3333333333334,106.66666666666667,0.0
636.0,107.0,0.0
636.0,107.0,0.0
635.6666666666666,107.33333333333333,0.0
635.3333333333334,107.66666666666667,0.0
635.0,108.0,0.0
635.0,108.0,0.0
634.6666666666666,108.33333333333333,0.0
634.3333333333334,108.66666666666667,0.0
634.0,109.0,0.0
634.0,109.0,0.0
633.6666666666666,109.33333333333333,0.0
633.3333333333334,109.66666666666667,0.0
633.0,110.0,0.0
633.0,110.0,0.0
632.6666666666666,110.33333333333333,0.0
632.3333333333334,110.66666666666667,0.0
632.0,111.0,0.0
632.0,111.0,0.0
631.6666666666666,111.33333333333333,0.0
631.3333333333334,111.66666666666667,0.0
631.0,112.0,0.0
631.0,112.0,0.0
630.6666666666666,112.33333333333333,0.0
630.3333333333334,112.66666666666667,0.0
630.0,113.0,0.0
630.0,113.0,0.0
629.6666666666666,113.33333333333333,0.0
629.3333333333334,113.66666666666667,0.0
629.0,114.0,0.0
629.0,114.0,0.0
628.6666666666666,114.33333333333333,0.0
628.3333333333334,114.66666666666667,0.0
628.0,115.0,0.0
628.0,115.0,0.0
627.6666666666666,115.33333333333333,0.0
627.3333333333334,115.66666666666667,0.0
627.0,116.0,0.0
627.0,116.0,0.0
626.6666666666666,116.33333333333333,0.0
626.3333333333334,116.66666666666667,0.0
626.0,117.0,0.0
626.0,117.0,0.0
625.6666666666666,117.33333333333333,0.0
625.3333333333334,117.66666666666667,0.0
625.0,118.0,0.0
625.0,118.0,0.0
624.6666666666666,118.33333333333333,0.0
624.3333333333334,118.66666666666667,0.0
624.0,119.0,0.0
624.0,119.0,0.0
623.6666666666666,119.33333333333333,0.0
623.3333333333334,119.66666666666667,0.0
623.0,120.0,0.0
623.0,120.0,0.0
622.6666666666666,120.33333333333333,0.0
622.3333333333334,120.66666666666667,0.0
622.0,121.0,0.0
622.0,121.0,0.0
621.6666666666666,121.33333333333333,0.0
621.3333333333334,121.66666666666667,0.0
621.0,122.0,0.0
621.0,122.0,0.0
620.6666666666666,122.33333333333333,0.0
620.3333333333334,122.66666666666667,0.0
620.0,123.0,0.0
620.0,123.0,0.0
619.6666666666666,123.33333333333333,0.0
619.3333333333334,123.66666666666667,0.0
619.0,124.0,0.0
619.0,124.0,0.0
618.6666666666666,124.33333333333333,0.0
618.3333333333334,124.66666666666667,0.0
618.0,125.0,0.0
618.0,125.0,0.0
617.6666666666666,125.33333333333333,0.0
617.3333333333334,125.66666666666667,0.0
617.0,126.0,0.0
617.0,126.0,0.0
616.6666666666666,126.33333333333333,0.0
616.3333333333334,126.66666666666667,0.0
616.0,127.0,0.0
616.0,127.0,0.0
615.6666666666666,127.33333333333333,0.0
615.3333333333334,127.66666666666667,0.0
615.0,128.0,0.0
615.0,128.0,0.0
614.6666666666666,128.33333333333334,0.0
614.3333333333334,128.66666666666666,0.0
614.0,129.0,0.0
614.0,129.0,0.0
613.6666666666666,129.33333333333334,0.0
613.3333333333334,129.66666666666666,0.0
613.0,130.0,0.0
613.0,130.0,0.0
612.6666666666666,130.33333333333334,0.0
612.3333333333334,130.66666666666666,0.0
612.0,131.0,0.0
612.0,131.0,0.0
611.6666666666666,131.33333333333334,0.0
611.3333333333334,131.66666666666666,0.0
611.0,132.0,0.0
611.0,132.0,0.0
610.6666666666666,132.33333333333334,0.0
610.3333333333334,132.66666666666666,0.0
610.0,133.0,0.0
610.0,133.0,0.0
609.6666666666666,133.33333333333334,0.0
609.3333333333334,133.66666666666666,0.0
609.0,134.0,0.0
609.0,134.0,0.0
608.6666666666666,134.33333333333334,0.0
608.3333333333334,134.66666666666666,0.0
608.0,135.0,0.0
608.0,135.0,0.0
607.6666666666666,135.33333333333334,0.0
607.3333333333334,135.66666666666666,0.0
607.0,136.0,0.0
607.0,136.0,0.0
606.6666666666666,136.33333333333334,0.0
606.3333333333334,136.66666666666666,0.0
606.0,137.0,0.0
606.0,137.0,0.0
605.6666666666666,137.33333333333334,0.0
605.3333333333334,137.66666666666666,0.0
605.0,138.0,0.0
605.0,138.0,0.0
604.6666666666666,138.33333333333334,0.0
604.3333333333334,138.66666666666666,0.0
604.0,139.0,0.0
604.0,139.0,0.0
603.6666666666666,139.33333333333334,0.0
603.3333333333334,139.66666666666666,0.0
603.0,140.0,0.0
603.0,140.0,0.0
602.6666666666666,140.33333333333334,0.0
602.3333333333334,140.66666666666666,0.0
602.0,141.0,0.0
602.0,141.0,0.0
601.6666666666666,141.33333333333334,0.0
601.3333333333334,141.66666666666666,0.0
601.0,142.0,0.0
601.0,142.0,0.0
600.6666666666666,142.33333333333334,0.0
600.3333333333334,142.66666666666666,0.0
600.0,143.0,0.0
600.0,143.0,0.0
599.6666666666666,143.33333333333334,0.0
599.3333333333334,143.66666666666666,0.0
599.0,144.0,0.0
599.0,144.0,0.0
598.6666666666666,144.33333333333334,0.0
598.3333333333334,144.66666666666666,0.0
598.0,145.0,0.0
598.0,145.0,0.0
597.6666666666666,145.33333333333334,0.0
597.3333333333334,145.66666666666666,0.0
597.0,146.0,0.0
597.0,146.0,0.0
596.6666666666666,146.33333333333334,0.0
596.3333333333334,146.66666666666666,0.0
596.0,147.0,0.0
596.0,147.0,0.0
595.6666666666666,147.33333333333334,0.0
595.3333333333334,147.66666666666666,0.0
595.0,148.0,0.0
595.0,148.0,0.0
594.6666666666666,148.33333333333334,0.0
594.3333333333334,148.66666666666666,0.0
594.0,149.0,0.0
594.0,149.0,0.0
593.6666666666666,149.33333333333334,0.0
593.3333333333334,149.66666666666666,0.0
593.0,150.0,0.0
593.0,150.0,0.0
592.6666666666666,150.33333333333334,0.0
592.3333333333334,150.66666666666666,0.0
592.0,151.0,0.0
592.0,151.0,0.0
591.6666666666666,151.33333333333334,0.0
591.3333333333334,151.66666666666666,0.0
591.0,152.0,0.0
591.0,152.0,0.0
590.6666666666666,152.33333333333334,0.0
590.3333333333334,152.66666666666666,0.0
590.0,153.0,0.0
590.0,153.0,0.0
589.6666666666666,153.33333333333334,0.0
589.3333333333334,153.66666666666666,0.0
589.0,154.0,0.0
589.0,154.0,0.0
588.6666666666666,154.33333333333334,0.0
588.3333333333334,154.66666666666666,0.0
588.0,155.0,0.0
588.0,155.0,0.0
587.6666666666666,155.33333333333334,0.0
587.3333333333334,155.66666666666666,0.0
587.0,156.0,0.0
587.0,156.0,0.0
586.6666666666666,156.33333333333334,0.0
586.3333333333334,156.66666666666666,0.0
586.0,157.0,0.0
586.0,157.0,0.0
585.6666666666666,157.33333333333334,0.0
585.3333333333334,157.66666666666666,0.0
585.0,158.0,0.0
585.0,158.0,0.0
584.6666666666666,158.33333333333334,0.0
584.3333333333334,158.66666666666666,0.0
584.0,159.0,0.0
584.0,159.0,0.0
583.6666666666666,159.33333333333334,0.0
583.3333333333334,159.66666666666666,0.0
583.0,160.0,0.0
583.0,160.0,0.0
582.6666666666666,160.33333333333334,0.0
582.3333333333334,160.66666666666666,0.0
582.0,161.0,0.0
582.0,161.0,0.0
581.6666666666666,161.33333333333334,0.0
581.3333333333334,161.66666666666666,0.0
581.0,162.0,0.0
581.0,162.0,0.0
580.6666666666666,162.33333333333334,0.0
580.3333333333334,162.66666666666666,0.0
580.0,163.0,0.0
580.0,163.0,0.0
579.6666666666666,163.33333333333334,0.0
579.3333333333334,163.66666666666666,0.0
579.0,164.0,0.0
579.0,164.0,0.0
578.6666666666666,164.33333333333334,0.0
578.3333333333334,164.66666666666666,0.0
578.0,165.0,0.0
578.0,165.0,0.0
577.6666666666666,165.33333333333334,0.0
577.3333333333334,165.66666666666666,0.0
577.0,166.0,0.0
577.0,166.0,0.0
576.6666666666666,166.33333333333334,0.0
576.3333333333334,166.66666666666666,0.0
576.0,167.0,0.0
576.0,167.0,0.0
575.6666666666666,167.33333333333334,0.0
575.3333333333334,167.66666666666666,0.0
575.0,168.0,0.0
575.0,168.0,0.0
574.6666666666666,168.33333333333334,0.0
574.3333333333334,168.66666666666666,0.0
574.0,169.0,0.0
574.0,169.0,0.0
573.6666666666666,169.33333333333334,0.0
573.3333333333334,169.66666666666666,0.0
573.0,170.0,0.0
573.0,170.0,0.0
572.6666666666666,170.33333333333334,0.0
572.3333333333334,170.66666666666666,0.0
572.0,171.0,0.0
572.0,171.0,0.0
571.6666666666666,171.33333333333334,0.0
571.3333333333334,171.66666666666666,0.0
571.0,172.0,0.0
571.0,172.0,0.0
570.6666666666666,172.33333333333334,0.0
570.3333333333334,172.66666666666666,0.0
570.0,173.0,0.0
570.0,173.0,0.0
569.6666666666666,173.33333333333334,0.0
569.3333333333334,173.66666666666666,0.0
569.0,174.0,0.0
569.0,174.0,0.0
568.6666666666666,174.33333333333334,0.0
568.3333333333334,174.66666666666666,0.0
568.0,175.0,0.0
568.0,175.0,0.0
567.6666666666666,175.33333333333334,0.0
567.3333333333334,175.66666666666666,0.0
567.0,176.0,0.0
567.0,176.0,0.0
566.6666666666666,176.33333333333334,0.0
566.3333333333334,176.66666666666666,0.0
566.0,177.0,0.0
566.0,177.0,0.0
565.6666666666666,177.33333333333334,0.0
565.3333333333334,177.66666666666666,0.0
565.0,178.0,0.0
565.0,178.0,0.0
564.6666666666666,178.33333333333334,0.0
564.3333333333334,178.66666666666666,0.0
564.0,179.0,0.0
564.0,179.0,0.0
563.6666666666666,179.33333333333334,0.0
563.3333333333334,179.66666666666666,0.0
563.0,180.0,0.0
563.0,180.0,0.0
562.6666666666666,180.33333333333334,0.0
562.3333333333334,180.66666666666666,0.0
562.0,181.0,0.0
562.0,181.0,0.0
561.6666666666666,181.33333333333334,0.0
561.3333333333334,181.66666666666666,0.0
561.0,182.0,0.0
561.0,182.0,0.0
560.6666666666666,182.33333333333334,0.0
560.3333333333334,182.66666666666666,0.0
560.0,183.0,0.0
560.0,183.0,0.0
559.6666666666666,183.33333333333334,0.0
559.3333333333334,183.66666666666666,0.0
559.0,184.0,0.0
559.0,184.0,0.0
558.6666666666666,184.33333333333334,0.0
558.3333333333334,184.66666666666666,0.0
558.0,185.0,0.0
558.0,185.0,0.0
557.6666666666666,185.33333333333334,0.0
557.3333333333334,185.66666666666666,0.0
557.0,186.0,0.0
557.0,186.0,0.0
556.6666666666666,186.33333333333334,0.0
556.3333333333334,186.66666666666666,0.0
556.0,187.0,0.0
556.0,187.0,0.0
555.6666666666666,187.33333333333334,0.0
555.3333333333334,187.66666666666666,0.0
555.0,188.0,0.0
555.0,188.0,0.0
554.6666666666666,188.33333333333334,0.0
554.3333333333334,188.66666666666666,0.0
554.0,189.0,0.0
554.0,189.0,0.0
553.6666666666666,189.33333333333334,0.0
553.3333333333334,189.66666666666666,0.0
553.0,190.0,0.0
553.0,190.0,0.0
552.6666666666666,190.33333333333334,0.0
552.3333333333334,190.66666666666666,0.0
552.0,191.0,0.0
552.0,191.0,0.0
551.6666666666666,191.33333333333334,0.0
551.3333333333334,191.66666666666666,0.0
551.0,192.0,0.0
551.0,192.0,0.0
551.0,192.33333333333334,0.0
551.0,192.66666666666666,0.0
551.0,193.0,0.0
551.0,193.0,0.0
551.0,193.33333333333334,0.0
551.0,193.66666666666666,0.0
551.0,194.0,0.0
551.0,194.0,0.0
551.0,194.33333333333334,0.0
551.0,194.66666666666666,0.0
551.0,195.0,0.0
551.0,195.0,0.0
551.0,195.33333333333334,0.0
551.0,195.66666666666666,0.0
551.0,196.0,0.0
551.0,196.0,0.0
551.0,196.33333333333334,0.0
551.0,196.66666666666666,0.0
551.0,197.0,0.0
551.0,197.0,0.0
551.0,197.33333333333334,0.0
551.0,197.66666666666666,0.0
551.0,198.0,0.0
551.0,198.0,0.0
551.0,198.33333333333334,0.0
551.0,198.66666666666666,0.0
551.0,199.0,0.0
551.0,199.0,0.0
551.0,199.33333333333334,0.0
551.0,199.66666666666666,0.0
551.0,200.0,0.0
551.0,200.0,0.0
551.0,200.33333333333334,0.0
551.0,200.66666666666666,0.0
551.0,201.0,0.0
551.0,201.0,0.0
551.0,201.33333333333334,0.0
551.0,201.66666666666666,0.0
551.0,202.0,0.0
551.0,202.0,0.0
551.0,202.33333333333334,0.0
551.0,202.66666666666666,0.0
551.0,203.0,0.0
551.0,203.0,0.0
551.0,203.33333333333334,0.0
551.0,203.66666666666666,0.0
551.0,204.0,0.0
551.0,204.0,0.0
551.0,204.33333333333334,0.0
551.0,204.66666666666666,0.0
551.0,205.0,0.0
551.0,205.0,0.0
551.0,205.33333333333334,0.0
551.0,205.66666666666666,0.0
551.0,206.0,0.0
551.0,206.0,0.0
551.0,206.33333333333334,0.0
551.0,206.66666666666666,0.0
551.0,207.0,0.0
551.0,207.0,0.0
551.0,207.33333333333334,0.0
551.0,207.66666666666666,0.0
551.0,208.0,0.0
551.0,208.0,0.0
551.0,208.33333333333334,0.0
551.0,208.66666666666666,0.0
551.0,209.0,0.0
551.0,209.0,0.0
551.0,209.33333333333334,0.0
551.0,209.66666666666666,0.0
551.0,210.0,0.0
551.0,210.0,0.0
551.0,210.33333333333334,0.0
551.0,210.66666666666666,0.0
551.0,211.0,0.0
551.0,211.0,0.0
551.0,211.33333333333334,0.0
551.0,211.66666666666666,0.0
551.0,212.0,0.0
551.0,212.0,0.0
551.0,212.33333333333334,0.0
551.0,212.66666666666666,0.0
551.0,213.0,0.0
551.0,213.0,0.0
551.0,213.33333333333334,0.0
551.0,213.66666666666666,0.0
551.0,214.0,0.0
551.0,214.0,0.0
551.0,214.33333333333334,0.0
551.0,214.66666666666666,0.0
551.0,215.0,0.0
551.0,215.0,0.0
551.0,215.33333333333334,0.0
551.0,215.66666666666666,0.0
551.0,216.0,0.0
551.0,216.0,0.0
551.0,216.33333333333334,0.0
551.0,216.66666666666666,0.0
551.0,217.0,0.0
551.0,217.0,0.0
551.0,217.33333333333334,0.0
551.0,217.66666666666666,0.0
551.0,218.0,0.0
551.0,218.0,0.0
551.0,218.33333333333334,0.0
551.0,218.66666666666666,0.0
551.0,219.0,0.0
551.0,219.0,0.0
551.0,219.33333333333334,0.0
551.0,219.66666666666666,0.0
551.0,220.0,0.0
551.0,220.0,0.0
551.0,220.33333333333334,0.0
551.0,220.66666666666666,0.0
551.0,221.0,0.0
551.0,221.0,0.0
551.0,221.33333333333334,0.0
551.0,221.66666666666666,0.0
551.0,222.0,0.0
551.0,222.0,0.0
551.0,222.33333333333334,0.0
551.0,222.66666666666666,0.0
551.0,223.0,0.0
551.0,223.0,0.0
551.0,223.33333333333334,0.0
551.0,223.66666666666666,0.0
551.0,224.0,0.0
551.0,224.0,0.0
551.0,224.33333333333334,0.0
551.0,224.66666666666666,0.0
551.0,225.0,0.0
551.0,225.0,0.0
551.0,225.33333333333334,0.0
551.0,225.66666666666666,0.0
551.0,226.0,0.0
551.0,226.0,0.0
551.0,226.33333333333334,0.0
551.0,226.66666666666666,0.0
551.0,227.0,0.0
551.0,227.0,0.0
551.0,227.33333333333334,0.0
551.0,227.66666666666666,0.0
551.0,228.0,0.0
551.0,228.0,0.0
551.0,228.33333333333334,0.0
551.0,228.66666666666666,0.0
551.0,229.0,0.0
551.0,229.0,0.0
551.0,229.33333333333334,0.0
551.0,229.66666666666666,0.0
551.0,230.0,0.0
551.0,230.0,0.0
551.0,230.33333333333334,0.0
551.0,230.66666666666666,0.0
551.0,231.0,0.0
551.0,231.0,0.0
551.0,231.33333333333334,0.0
551.0,231.66666666666666,0.0
551.0,232.0,0.0
551.0,232.0,0.0
551.0,232.33333333333334,0.0
551.0,232.66666666666666,0.0
551.0,233.0,0.0
551.0,233.0,0.0
551.0,233.33333333333334,0.0
551.0,233.66666666666666,0.0
551.0,234.0,0.0
551.0,234.0,0.0
551.0,234.33333333333334,0.0
551.0,234.66666666666666,0.0
551.0,235.0,0.0
551.0,235.0,0.0
551.0,235.33333333333334,0.0
551.0,235.66666666666666,0.0
551.0,236.0,0.0
551.0,236.0,0.0
551.0,236.33333333333334,0.0
551.0,236.66666666666666,0.0
551.0,237.0,0.0
551.0,237.0,0.0
551.0,237.33333333333334,0.0
551.0,237.66666666666666,0.0
551.0,238.0,0.0
551.0,238.0,0.0
551.0,238.33333333333334,0.0
551.0,238.66666666666666,0.0
551.0,239.0,0.0
551.0,239.0,0.0
551.0,239.33333333333334,0.0
551.0,239.66666666666666,0.0
551.0,240.0,0.0
551.0,240.0,0.0
551.0,240.33333333333334,0.0
551.0,240.66666666666666,0.0
551.0,241.0,0.0
551.0,241.0,0.0
551.0,241.33333333333334,0.0
551.0,241.66666666666666,0.0
551.0,242.0,0.0
551.0,242.0,0.0
551.0,242.33333333333334,0.0
551.0,242.66666666666666,0.0
551.0,243.0,0.0
551.0,243.0,0.0
551.0,243.33333333333334,0.0
551.0,243.66666666666666,0.0
551.0,244.0,0.0
551.0,244.0,0.0
551.0,244.33333333333334,0.0
551.0,244.66666666666666,0.0
551.0,245.0,0.0
551.0,245.0,0.0
551.0,245.33333333333334,0.0
551.0,245.66666666666666,0.0
551.0,246.0,0.0
551.0,246.0,0.0
551.0,246.33333333333334,0.0
551.0,246.66666666666666,0.0
551.0,247.0,0.0
551.0,247.0,0.0
551.0,247.33333333333334,0.0
551.0,247.66666666666666,0.0
551.0,248.0,0.0
551.0,248.0,0.0
551.0,248.33333333333334,0.0
551.0,248.66666666666666,0.0
551.0,249.0,0.0
551.0,249.0,0.0
551.0,249.33333333333334,0.0
551.0,249.66666666666666,0.0
551.0,250.0,0.0
551.0,250.0,0.0
551.0,250.33333333333334,0.0
551.0,250.66666666666666,0.0
551.0,251.0,0.0
551.0,251.0,0.0
551.0,251.33333333333334,0.0
551.0,251.66666666666666,0.0
551.0,252.0,0.0
551.0,252.0,0.0
551.0,252.33333333333334,0.0
551.0,252.66666666666666,0.0
551.0,253.0,0.0
551.0,253.0,0.0
551.0,253.33333333333334,0.0
551.0,253.66666666666666,0.0
551.0,254.0,0.0
551.0,254.0,0.0
551.0,254.33333333333334,0.0
551.0,254.66666666666666,0.0
551.0,255.0,0.0
551.0,255.0,0.0
551.0,255.33333333333334,0.0
551.0,255.66666666666666,0.0
551.0,256.0,0.0
551.0,256.0,0.0
551.0,256.3333333333333,0.0
551.0,256.6666666666667,0.0
551.0,257.0,0.0
551.0,257.0,0.0
551.0,257.3333333333333,0.0
551.0,257.6666666666667,0.0
551.0,258.0,0.0
551.0,258.0,0.0
551.0,258.3333333333333,0.0
551.0,258.6666666666667,0.0
551.0,259.0,0.0
551.0,259.0,0.0
551.0,259.3333333333333,0.0
551.0,259.6666666666667,0.0
551.0,260.0,0.0
551.0,260.0,0.0
551.0,260.3333333333333,0.0
551.0,260.6666666666667,0.0
551.0,261.0,0.0
551.0,261.0,0.0
551.0,261.3333333333333,0.0
551.0,261.6666666666667,0.0
551.0,262.0,0.0
551.0,262.0,0.0
551.0,262.3333333333333,0.0
551.0,262.6666666666667,0.0
551.0,263.0,0.0
551.0,263.0,0.0
551.0,263.3333333333333,0.0
551.0,263.6666666666667,0.0
551.0,264.0,0.0
551.0,264.0,0.0
551.0,264.3333333333333,0.0
551.0,264.6666666666667,0.0
551.0,265.0,0.0
551.0,265.0,0.0
551.0,265.3333333333333,0.0
551.0,265.6666666666667,0.0
551.0,266.0,0.0
551.0,266.0,0.0
551.0,266.3333333333333,0.0
551.0,266.6666666666667,0.0
551.0,267.0,0.0
551.0,267.0,0.0
551.0,267.3333333333333,0.0
551.0,267.6666666666667,0.0
551.0,268.0,0.0
551.0,268.0,0.0
551.0,268.3333333333333,0.0
551.0,268.6666666666667,0.0
551.0,269.0,0.0
551.0,269.0,0.0
551.0,269.3333333333333,0.0
551.0,269.6666666666667,0.0
551.0,270.0,0.0
551.0,270.0,0.0
551.0,270.3333333333333,0.0
551.0,270.6666666666667,0.0
551.0,271.0,0.0
551.0,271.0,0.0
551.0,271.3333333333333,0.0
551.0,271.6666666666667,0.0
551.0,272.0,0.0
551.0,272.0,0.0
551.0,272.3333333333333,0.0
551.0,272.6666666666667,0.0
551.0,273.0,0.0
551.0,273.0,0.0
551.0,273.3333333333333,0.0
551.0,273.6666666666667,0.0
551.0,274.0,0.0
551.0,274.0,0.0
551.0,274.3333333333333,0.0
551.0,274.6666666666667,0.0
551.0,275.0,0.0
551.0,275.0,0.0
551.0,275.3333333333333,0.0
551.0,275.6666666666667,0.0
551.0,276.0,0.0
551.0,276.0,0.0
551.0,276.3333333333333,0.0
551.0,276.6666666666667,0.0
551.0,277.0,0.0
551.0,277.0,0.0
551.0,277.3333333333333,0.0
551.0,277.6666666666667,0.0
551.0,278.0,0.0
551.0,278.0,0.0
551.0,278.3333333333333,0.0
551.0,278.6666666666667,0.0
551.0,279.0,0.0
551.0,279.0,0.0
551.0,279.3333333333333,0.0
551.0,279.6666666666667,0.0
551.0,280.0,0.0
551.0,280.0,0.0
551.0,280.3333333333333,0.0
551.0,280.6666666666667,0.0
551.0,281.0,0.0
551.0,281.0,0.0
551.0,281.3333333333333,0.0
551.0,281.6666666666667,0.0
551.0,282.0,0.0
551.0,282.0,0.0
551.0,282.3333333333333,0.0
551.0,282.6666666666667,0.0
551.0,283.0,0.0
551.0,283.0,0.0
551.0,283.3333333333333,0.0
551.0,283.6666666666667,0.0
551.0,284.0,0.0
551.0,284.0,0.0
551.0,284.3333333333333,0.0
551.0,284.6666666666667,0.0
551.0,285.0,0.0
551.0,285.0,0.0
551.0,285.3333333333333,0.0
551.0,285.6666666666667,0.0
551.0,286.0,0.0
551.0,286.0,0.0
551.0,286.3333333333333,0.0
551.0,286.6666666666667,0.0
551.0,287.0,0.0
551.0,287.0,0.0
551.0,287.3333333333333,0.0
551.0,287.6666666666667,0.0
551.0,288.0,0.0
551.0,288.0,0.0
551.0,288.3333333333333,0.0
551.0,288.6666666666667,0.0
551.0,289.0,0.0
551.0,289.0,0.0
551.0,289.3333333333333,0.0
551.0,289.6666666666667,0.0
551.0,290.0,0.0
551.0,290.0,0.0
551.0,290.3333333333333,0.0
551.0,290.6666666666667,0.0
551.0,291.0,0.0
551.0,291.0,0.0
551.0,291.3333333333333,0.0
551.0,291.6666666666667,0.0
551.0,292.0,0.0
551.0,292.0,0.0
551.0,292.3333333333333,0.0
551.0,292.6666666666667,0.0
551.0,293.0,0.0
551.0,293.0,0.0
551.0,293.3333333333333,0.0
551.0,293.6666666666667,0.0
551.0,294.0,0.0
551.0,294.0,0.0
551.0,294.3333333333333,0.0
551.0,294.6666666666667,0.0
551.0,295.0,0.0
551.0,295.0,0.0
551.0,295.3333333333333,0.0
551.0,295.6666666666667,0.0
551.0,296.0,0.0
551.0,296.0,0.0
551.0,296.3333333333333,0.0
551.0,296.6666666666667,0.0
551.0,297.0,0.0
551.0,297.0,0.0
551.0,297.3333333333333,0.0
551.0,297.6666666666667,0.0
551.0,298.0,0.0
551.0,298.0,0.0
551.0,298.3333333333333,0.0
551.0,298.6666666666667,0.0
551.0,299.0,0.0
551.0,299.0,0.0
551.0,299.3333333333333,0.0
551.0,299.6666666666667,0.0
551.0,300.0,0.0
551.0,300.0,0.0
551.0,300.3333333333333,0.0
551.0,300.6666666666667,0.0
551.0,301.0,0.0
551.0,301.0,0.0
551.0,301.3333333333333,0.0
551.0,301.6666666666667,0.0
551.0,302.0,0.0
551.0,302.0,0.0
551.0,302.3333333333333,0.0
551.0,302.6666666666667,0.0
551.0,303.0,0.0
551.0,303.0,0.0
551.0,303.3333333333333,0.0
551.0,303.6666666666667,0.0
551.0,304.0,0.0
551.0,304.0,0.0
551.0,304.3333333333333,0.0
551.0,304.6666666666667,0.0
551.0,305.0,0.0
551.0,305.0,0.0
551.0,305.3333333333333,0.0
551.0,305.6666666666667,0.0
551.0,306.0,0.0
551.0,306.0,0.0
551.0,306.3333333333333,0.0
551.0,306.6666666666667,0.0
551.0,307.0,0.0
551.0,307.0,0.0
551.0,307.3333333333333,0.0
551.0,307.6666666666667,0.0
551.0,308.0,0.0
551.0,308.0,0.0
551.0,308.3333333333333,0.0
551.0,308.6666666666667,0.0
551.0,309.0,0.0
551.0,309.0,0.0
551.0,309.3333333333333,0.0
551.0,309.6666666666667,0.0
551.0,310.0,0.0
551.0,310.0,0.0
551.0,310.3333333333333,0.0
551.0,310.6666666666667,0.0
551.0,311.0,0.0
551.0,311.0,0.0
551.0,311.3333333333333,0.0
551.0,311.6666666666667,0.0
551.0,312.0,0.0
551.0,312.0,0.0
551.0,312.3333333333333,0.0
551.0,312.6666666666667,0.0
551.0,313.0,0.0
551.0,313.0,0.0
551.0,313.3333333333333,0.0
551.0,313.6666666666667,0.0
551.0,314.0,0.0
551.0,314.0,0.0
551.0,314.3333333333333,0.0
551.0,314.6666666666667,0.0
551.0,315.0,0.0
551.0,315.0,0.0
551.0,315.3333333333333,0.0
551.0,315.6666666666667,0.0
551.0,316.0,0.0
551.0,316.0,0.0
551.0,316.3333333333333,0.0
551.0,316.6666666666667,0.0
551.0,317.0,0.0
551.0,317.0,0.0
551.0,317.3333333333333,0.0
551.0,317.6666666666667,0.0
551.0,318.0,0.0
551.0,318.0,0.0
551.0,318.3333333333333,0.0
551.0,318.6666666666667,0.0
551.0,319.0,0.0
551.0,319.0,0.0
551.0,319.3333333333333,0.0
551.0,319.6666666666667,0.0
551.0,320.0,0.0
551.0,320.0,0.0
551.0,320.3333333333333,0.0
551.0,320.6666666666667,0.0
551.0,321.0,0.0
551.0,321.0,0.0
551.0,321.3333333333333,0.0
551.0,321.6666666666667,0.0
551.0,322.0,0.0
551.0,322.0,0.0
551.0,322.3333333333333,0.0
551.0,322.6666666666667,0.0
551.0,323.0,0.0
551.0,323.0,0.0
551.0,323.3333333333333,0.0
551.0,323.6666666666667,0.0
551.0,324.0,0.0
551.0,324.0,0.0
551.0,324.3333333333333,0.0
551.0,324.6666666666667,0.0
551.0,325.0,0.0
551.0,325.0,0.0
551.0,325.3333333333333,0.0
551.0,325.6666666666667,0.0
551.0,326.0,0.0
551.0,326.0,0.0
551.0,326.3333333333333,0.0
551.0,326.6666666666667,0.0
551.0,327.0,0.0
551.0,327.0,0.0
551.0,327.3333333333333,0.0
551.0,327.6666666666667,0.0
551.0,328.0,0.0
551.0,328.0,0.0
551.0,328.3333333333333,0.0
551.0,328.6666666666667,0.0
551.0,329.0,0.0
551.0,329.0,0.0
551.0,329.3333333333333,0.0
551.0,329.6666666666667,0.0
551.0,330.0,0.0
551.0,330.0,0.0
551.0,330.3333333333333,0.0
551.0,330.6666666666667,0.0
551.0,331.0,0.0
551.0,331.0,0.0
551.0,331.3333333333333,0.0
551.0,331.6666666666667,0.0
551.0,332.0,0.0
551.0,332.0,0.0
551.0,332.3333333333333,0.0
551.0,332.6666666666667,0.0
551.0,333.0,0.0
551.0,333.0,0.0
551.0,333.3333333333333,0.0
551.0,333.6666666666667,0.0
551.0,334.0,0.0
551.0,334.0,0.0
551.0,334.3333333333333,0.0
551.0,334.6666666666667,0.0
551.0,335.0,0.0
551.0,335.0,0.0
551.0,335.3333333333333,0.0
551.0,335.6666666666667,0.0
551.0,336.0,0.0
551.0,336.0,0.0
551.0,336.3333333333333,0.0
551.0,336.6666666666667,0.0
551.0,337.0,0.0
551.0,337.0,0.0
551.0,337.3333333333333,0.0
551.0,337.6666666666667,0.0
551.0,338.0,0.0
551.0,338.0,0.0
551.0,338.3333333333333,0.0
551.0,338.6666666666667,0.0
551.0,339.0,0.0
551.0,339.0,0.0
551.0,339.3333333333333,0.0
551.0,339.6666666666667,0.0
551.0,340.0,0.0
551.0,340.0,0.0
551.0,340.3333333333333,0.0
551.0,340.6666666666667,0.0
551.0,341.0,0.0
551.0,341.0,0.0
551.0,341.3333333333333,0.0
551.0,341.6666666666667,0.0
551.0,342.0,0.0
551.0,342.0,0.0
551.0,342.3333333333333,0.0
551.0,342.6666666666667,0.0
551.0,343.0,0.0
551.0,343.0,0.0
551.0,343.3333333333333,0.0
551.0,343.6666666666667,0.0
551.0,344.0,0.0
551.0,344.0,0.0
551.0,344.3333333333333,0.0
551.0,344.6666666666667,0.0
551.0,345.0,0.0
551.0,345.0,0.0
551.0,345.3333333333333,0.0
551.0,345.6666666666667,0.0
551.0,346.0,0.0
551.0,346.0,0.0
551.0,346.3333333333333,0.0
551.0,346.6666666666667,0.0
551.0,347.0,0.0
551.0,347.0,0.0
551.0,347.3333333333333,0.0
551.0,347.6666666666667,0.0
551.0,348.0,0.0
551.0,348.0,0.0
551.0,348.3333333333333,0.0
551.0,348.6666666666667,0.0
551.0,349.0,0.0
551.0,349.0,0.0
551.0,349.3333333333333,0.0
551.0,349.6666666666667,0.0
551.0,350.0,0.0
551.0,350.0,0.0
551.0,350.3333333333333,0.0
551.0,350.6666666666667,0.0
551.0,351.0,0.0
551.0,351.0,0.0
551.0,351.3333333333333,0.0
551.0,351.6666666666667,0.0
551.0,352.0,0.0
551.0,352.0,0.0
551.0,352.3333333333333,0.0
551.0,352.6666666666667,0.0
551.0,353.0,0.0
551.0,353.0,0.0
551.0,353.3333333333333,0.0
551.0,353.6666666666667,0.0
551.0,354.0,0.0
551.0,354.0,0.0
551.0,354.3333333333333,0.0
551.0,354.6666666666667,0.0
551.0,355.0,0.0
551.0,355.0,0.0
551.0,355.3333333333333,0.0
551.0,355.6666666666667,0.0
551.0,356.0,0.0
551.0,356.0,0.0
551.0,356.3333333333333,0.0
551.0,356.6666666666667,0.0
551.0,357.0,0.0
551.0,357.0,0.0
551.0,357.3333333333333,0.0
551.0,357.6666666666667,0.0
551.0,358.0,0.0
551.0,358.0,0.0
551.0,358.3333333333333,0.0
551.0,358.6666666666667,0.0
551.0,359.0,0.0
551.0,359.0,0.0
551.0,359.3333333333333,0.0
551.0,359.6666666666667,0.0
551.0,360.0,0.0
551.0,360.0,0.0
551.0,360.3333333333333,0.0
551.0,360.6666666666667,0.0
551.0,361.0,0.0
551.0,361.0,0.0
551.0,361.3333333333333,0.0
551.0,361.6666666666667,0.0
551.0,362.0,0.0
551.0,362.0,0.0
551.0,362.3333333333333,0.0
551.0,362.6666666666667,0.0
551.0,363.0,0.0
551.0,363.0,0.0
551.0,363.3333333333333,0.0
551.0,363.6666666666667,0.0
551.0,364.0,0.0
551.0,364.0,0.0
551.0,364.3333333333333,0.0
551.0,364.6666666666667,0.0
551.0,365.0,0.0
551.0,365.0,0.0
551.0,365.3333333333333,0.0
551.0,365.6666666666667,0.0
551.0,366.0,0.0
551.0,366.0,0.0
551.0,366.3333333333333,0.0
551.0,366.6666666666667,0.0
551.0,367.0,0.0
551.0,367.0,0.0
551.0,367.3333333333333,0.0
551.0,367.6666666666667,0.0
551.0,368.0,0.0
551.0,368.0,0.0
551.0,368.3333333333333,0.0
551.0,368.6666666666667,0.0
551.0,369.0,0.0
551.0,369.0,0.0
551.0,369.3333333333333,0.0
551.0,369.6666666666667,0.0
551.0,370.0,0.0
551.0,370.0,0.0
551.0,370.3333333333333,0.0
551.0,370.6666666666667,0.0
551.0,371.0,0.0
551.0,371.0,0.0
551.0,371.3333333333333,0.0
551.0,371.6666666666667,0.0
551.0,372.0,0.0
551.0,372.0,0.0
551.0,372.3333333333333,0.0
551.0,372.6666666666667,0.0
551.0,373.0,0.0
551.0,373.0,0.0
551.0,373.3333333333333,0.0
551.0,373.6666666666667,0.0
551.0,374.0,0.0
551.0,374.0,0.0
551.0,374.3333333333333,0.0
551.0,374.6666666666667,0.0
551.0,375.0,0.0
551.0,375.0,0.0
551.0,375.3333333333333,0.0
551.0,375.6666666666667,0.0
551.0,376.0,0.0
551.0,376.0,0.0
551.0,376.3333333333333,0.0
551.0,376.6666666666667,0.0
551.0,377.0,0.0
551.0,377.0,0.0
551.0,377.3333333333333,0.0
551.0,377.6666666666667,0.0
551.0,378.0,0.0
551.0,378.0,0.0
551.0,378.3333333333333,0.0
551.0,378.6666666666667,0.0
551.0,379.0,0.0
551.0,379.0,0.0
551.0,379.3333333333333,0.0
551.0,379.6666666666667,0.0
551.0,380.0,0.0
551.0,380.0,0.0
551.0,380.3333333333333,0.0
551.0,380.6666666666667,0.0
551.0,381.0,0.0
551.0,381.0,0.0
551.0,381.3333333333333,0.0
551.0,381.6666666666667,0.0
551.0,382.0,0.0
551.0,382.0,0.0
551.0,382.3333333333333,0.0
551.0,382.6666666666667,0.0
551.0,383.0,0.0
551.0,383.0,0.0
551.0,383.3333333333333,0.0
551.0,383.6666666666667,0.0
551.0,384.0,0.0
551.0,384.0,0.0
551.0,384.3333333333333,0.0
551.0,384.6666666666667,0.0
551.0,385.0,0.0
551.0,385.0,0.0
551.0,385.3333333333333,0.0
551.0,385.6666666666667,0.0
551.0,386.0,0.0
551.0,386.0,0.0
551.0,386.3333333333333,0.0
551.0,386.6666666666667,0.0
551.0,387.0,0.0
551.0,387.0,0.0
551.0,387.3333333333333,0.0
551.0,387.6666666666667,0.0
551.0,388.0,0.0
551.0,388.0,0.0
551.0,388.3333333333333,0.0
551.0,388.6666666666667,0.0
551.0,389.0,0.0
551.0,389.0,0.0
551.0,389.3333333333333,0.0
551.0,389.6666666666667,0.0
551.0,390.0,0.0
551.0,390.0,0.0
551.0,390.3333333333333,0.0
551.0,390.6666666666667,0.0
551.0,391.0,0.0
551.0,391.0,0.0
551.0,391.3333333333333,0.0
551.0,391.6666666666667,0.0
551.0,392.0,0.0
551.0,392.0,0.0
551.0,392.3333333333333,0.0
551.0,392.6666666666667,0.0
551.0,393.0,0.0
551.0,393.0,0.0
551.0,393.3333333333333,0.0
551.0,393.6666666666667,0.0
551.0,394.0,0.0
551.0,394.0,0.0
551.0,394.3333333333333,0.0
551.0,394.6666666666667,0.0
551.0,395.0,0.0
551.0,395.0,0.0
551.0,395.3333333333333,0.0
551.0,395.6666666666667,0.0
551.0,396.0,0.0
551.0,396.0,0.0
551.0,396.3333333333333,0.0
551.0,396.6666666666667,0.0
551.0,397.0,0.0
551.0,397.0,0.0
551.0,397.3333333333333,0.0
551.0,397.6666666666667,0.0
551.0,398.0,0.0
551.0,398.0,0.0
551.0,398.3333333333333,0.0
551.0,398.6666666666667,0.0
551.0,399.0,0.0
551.0,399.0,0.0
551.0,399.3333333333333,0.0
551.0,399.6666666666667,0.0
551.0,400.0,0.0
